"startdate","enddate","house","refno","Conservatives","Labour","Liberal.Democrats","SNP","Plaid.Cymru","Greens","UKIP","Other","Total","generic"
270,363,"YouGov",1,3,10,2,0,2,1,6,0,24,TRUE
270,363,"YouGov",2,14,13,1,0,5,2,7,0,42,TRUE
270,363,"YouGov",3,9,5,2,14,0,1,2,1,34,TRUE
270,363,"YouGov",4,9,16,4,18,0,1,0,0,48,TRUE
270,363,"YouGov",5,9,3,4,17,0,0,1,0,34,TRUE
270,363,"YouGov",6,1,9,0,12,0,0,1,0,23,TRUE
270,363,"YouGov",7,15,7,2,0,0,5,4,0,33,TRUE
270,363,"YouGov",8,18,7,0,0,0,2,4,0,31,TRUE
270,363,"YouGov",9,26,13,2,0,0,3,5,0,49,TRUE
270,363,"YouGov",10,10,16,2,0,0,1,8,0,37,TRUE
270,363,"YouGov",11,10,8,2,0,0,3,2,0,25,TRUE
270,363,"YouGov",12,6,4,0,5,0,0,1,1,17,TRUE
270,363,"YouGov",16,6,7,0,0,4,2,2,0,21,TRUE
270,363,"YouGov",17,10,6,7,18,0,2,1,0,44,TRUE
270,363,"YouGov",18,20,3,3,0,0,2,10,1,39,TRUE
270,363,"YouGov",19,7,14,3,0,0,2,5,0,31,TRUE
270,363,"YouGov",20,22,17,3,0,0,5,14,0,61,TRUE
270,363,"YouGov",21,3,7,1,0,0,4,4,0,19,TRUE
270,363,"YouGov",22,30,5,3,0,0,1,12,1,52,TRUE
270,363,"YouGov",23,9,14,0,17,0,1,0,0,41,TRUE
270,363,"YouGov",24,6,15,0,15,0,3,4,0,43,TRUE
270,363,"YouGov",25,1,8,0,15,0,0,1,0,25,TRUE
270,363,"YouGov",26,25,14,2,0,0,1,4,1,47,TRUE
270,363,"YouGov",27,5,0,0,5,0,0,1,0,11,TRUE
270,363,"YouGov",28,3,4,0,0,0,1,6,0,14,TRUE
270,363,"YouGov",29,6,21,0,0,0,1,7,3,38,TRUE
270,363,"YouGov",30,5,12,1,0,0,1,5,0,24,TRUE
270,363,"YouGov",31,10,17,2,0,0,2,3,0,34,TRUE
270,363,"YouGov",32,8,9,3,0,0,1,7,0,28,TRUE
270,363,"YouGov",33,12,7,2,0,0,1,3,0,25,TRUE
270,363,"YouGov",34,20,11,3,0,0,1,8,0,43,TRUE
270,363,"YouGov",35,8,18,2,0,0,1,4,0,33,TRUE
270,363,"YouGov",36,17,7,9,0,0,8,6,0,47,TRUE
270,363,"YouGov",37,12,20,1,0,0,2,6,0,41,TRUE
270,363,"YouGov",38,25,18,2,0,0,3,5,0,53,TRUE
270,363,"YouGov",39,25,5,5,0,0,2,3,0,40,TRUE
270,363,"YouGov",40,21,6,2,0,0,2,5,0,36,TRUE
270,363,"YouGov",41,12,16,3,0,0,0,4,0,35,TRUE
270,363,"YouGov",42,21,4,4,0,0,2,8,0,39,TRUE
270,363,"YouGov",43,35,11,7,0,0,5,9,0,67,TRUE
270,363,"YouGov",44,20,13,2,0,0,6,7,0,48,TRUE
270,363,"YouGov",49,10,16,13,0,0,5,1,0,45,TRUE
270,363,"YouGov",50,12,8,5,0,0,4,5,0,34,TRUE
270,363,"YouGov",51,14,5,9,12,0,4,1,0,45,TRUE
270,363,"YouGov",52,6,20,1,0,0,4,5,1,37,TRUE
270,363,"YouGov",53,12,28,1,0,0,1,12,1,55,TRUE
270,363,"YouGov",54,18,6,3,0,0,2,12,0,41,TRUE
270,363,"YouGov",55,16,8,1,0,0,1,5,0,31,TRUE
270,363,"YouGov",56,6,19,0,0,0,0,1,0,26,TRUE
270,363,"YouGov",57,9,10,3,0,0,1,5,1,29,TRUE
270,363,"YouGov",58,10,12,2,0,0,1,6,0,31,TRUE
270,363,"YouGov",59,1,8,0,0,0,3,1,0,13,TRUE
270,363,"YouGov",60,1,3,1,0,0,1,3,0,9,TRUE
270,363,"YouGov",61,5,14,2,0,0,2,3,0,26,TRUE
270,363,"YouGov",62,7,18,1,0,0,1,3,1,31,TRUE
270,363,"YouGov",63,4,12,1,0,0,1,9,0,27,TRUE
270,363,"YouGov",64,10,26,1,0,0,7,6,0,50,TRUE
270,363,"YouGov",65,4,13,5,0,0,0,8,0,30,TRUE
270,363,"YouGov",66,11,25,1,0,0,2,5,0,44,TRUE
270,363,"YouGov",67,7,12,1,0,0,4,7,1,32,TRUE
270,363,"YouGov",68,3,11,1,0,0,7,5,0,27,TRUE
270,363,"YouGov",69,18,24,0,0,0,4,13,0,59,TRUE
270,363,"YouGov",70,6,15,0,0,0,2,15,2,40,TRUE
270,363,"YouGov",71,4,13,0,0,1,0,1,1,20,TRUE
270,363,"YouGov",72,11,15,3,0,0,8,5,0,42,TRUE
270,363,"YouGov",73,7,9,2,0,0,1,4,0,23,TRUE
270,363,"YouGov",74,24,6,3,0,0,1,21,0,55,TRUE
270,363,"YouGov",75,12,23,0,0,0,1,10,0,46,TRUE
270,363,"YouGov",76,10,14,0,0,0,4,4,0,32,TRUE
270,363,"YouGov",77,3,17,1,0,0,3,8,0,32,TRUE
270,363,"YouGov",78,8,13,0,0,0,3,7,0,31,TRUE
270,363,"YouGov",79,2,16,3,0,0,1,4,0,26,TRUE
270,363,"YouGov",80,13,5,0,0,0,3,14,0,35,TRUE
270,363,"YouGov",81,8,4,5,0,0,4,3,0,24,TRUE
270,363,"YouGov",82,20,10,2,0,0,6,6,1,45,TRUE
270,363,"YouGov",83,21,12,2,0,0,4,8,0,47,TRUE
270,363,"YouGov",84,21,16,9,0,0,3,9,0,58,TRUE
270,363,"YouGov",85,3,18,3,0,0,1,4,1,30,TRUE
270,363,"YouGov",86,5,10,1,0,0,2,6,1,25,TRUE
270,363,"YouGov",87,4,4,2,0,0,1,2,0,13,TRUE
270,363,"YouGov",88,17,12,3,0,0,1,14,0,47,TRUE
270,363,"YouGov",89,17,8,7,0,0,4,1,0,37,TRUE
270,363,"YouGov",90,7,10,2,0,0,0,1,2,22,TRUE
270,363,"YouGov",91,5,17,1,0,0,1,4,0,28,TRUE
270,363,"YouGov",92,15,11,5,0,0,4,9,1,45,TRUE
270,363,"YouGov",93,13,7,1,0,0,1,10,0,32,TRUE
270,363,"YouGov",94,8,25,0,0,6,3,9,3,54,TRUE
270,363,"YouGov",95,17,9,6,0,0,1,7,0,40,TRUE
270,363,"YouGov",96,14,8,1,0,0,1,4,1,29,TRUE
270,363,"YouGov",97,16,11,1,0,0,5,9,1,43,TRUE
270,363,"YouGov",98,9,21,1,0,0,28,8,0,67,TRUE
270,363,"YouGov",99,6,10,2,0,0,2,7,2,29,TRUE
270,363,"YouGov",100,20,17,1,0,0,3,13,2,56,TRUE
270,363,"YouGov",101,7,15,2,0,0,4,10,0,38,TRUE
270,363,"YouGov",102,8,19,11,0,0,17,2,3,60,TRUE
270,363,"YouGov",103,13,8,4,0,0,3,5,0,33,TRUE
270,363,"YouGov",104,25,14,0,0,0,3,8,0,50,TRUE
270,363,"YouGov",105,16,13,2,0,0,2,9,0,42,TRUE
270,363,"YouGov",106,21,11,1,0,0,1,9,1,44,TRUE
270,363,"YouGov",107,28,20,6,0,0,1,15,0,70,TRUE
270,363,"YouGov",108,17,4,2,0,0,3,6,2,34,TRUE
270,363,"YouGov",109,3,7,3,0,0,0,7,0,20,TRUE
270,363,"YouGov",110,13,14,0,0,0,2,5,0,34,TRUE
270,363,"YouGov",111,15,13,1,0,0,2,5,0,36,TRUE
270,363,"YouGov",112,12,14,2,0,0,2,3,0,33,TRUE
270,363,"YouGov",113,26,17,3,0,0,5,10,0,61,TRUE
270,363,"YouGov",114,7,5,3,0,3,1,3,0,22,TRUE
270,363,"YouGov",115,6,9,7,19,0,0,1,0,42,TRUE
270,363,"YouGov",116,19,14,3,0,0,6,6,1,49,TRUE
270,363,"YouGov",117,5,32,1,0,0,3,8,3,52,TRUE
270,363,"YouGov",118,12,17,5,0,0,4,8,1,47,TRUE
270,363,"YouGov",119,22,20,21,0,0,6,3,0,72,TRUE
270,363,"YouGov",120,22,11,3,0,0,1,16,0,53,TRUE
270,363,"YouGov",121,29,10,2,0,0,4,8,0,53,TRUE
270,363,"YouGov",122,21,6,7,0,0,4,7,0,45,TRUE
270,363,"YouGov",123,33,15,10,0,0,6,7,1,72,TRUE
270,363,"YouGov",124,14,15,1,0,0,1,5,0,36,TRUE
270,363,"YouGov",125,21,13,5,0,0,7,8,0,54,TRUE
270,363,"YouGov",126,8,18,7,0,3,7,4,0,47,TRUE
270,363,"YouGov",127,22,26,2,0,1,4,7,0,62,TRUE
270,363,"YouGov",128,9,11,1,0,2,2,12,0,37,TRUE
270,363,"YouGov",129,11,23,1,0,6,4,4,1,50,TRUE
270,363,"YouGov",130,15,13,2,0,0,1,8,0,39,TRUE
270,363,"YouGov",131,10,8,2,0,11,1,10,1,43,TRUE
270,363,"YouGov",132,13,7,2,0,4,1,5,2,34,TRUE
270,363,"YouGov",133,20,10,13,0,0,1,7,2,53,TRUE
270,363,"YouGov",134,6,3,0,0,0,1,8,0,18,TRUE
270,363,"YouGov",135,9,11,9,0,14,5,11,1,60,TRUE
270,363,"YouGov",136,16,7,1,0,0,3,3,0,30,TRUE
270,363,"YouGov",137,18,12,0,0,0,4,6,1,41,TRUE
270,363,"YouGov",138,16,3,12,0,0,0,3,1,35,TRUE
270,363,"YouGov",139,29,21,9,0,0,3,7,0,69,TRUE
270,363,"YouGov",140,21,14,3,0,0,1,2,0,41,TRUE
270,363,"YouGov",141,27,11,13,0,0,4,5,0,60,TRUE
270,363,"YouGov",142,12,4,3,0,0,2,5,0,26,TRUE
270,363,"YouGov",143,17,27,3,0,0,6,7,1,61,TRUE
270,363,"YouGov",144,5,18,4,0,0,0,8,0,35,TRUE
270,363,"YouGov",145,24,5,3,0,0,1,5,0,38,TRUE
270,363,"YouGov",146,19,9,3,0,0,2,4,0,37,TRUE
270,363,"YouGov",147,26,5,8,0,0,6,11,0,56,TRUE
270,363,"YouGov",148,24,21,3,0,0,5,7,0,60,TRUE
270,363,"YouGov",149,13,22,5,0,0,1,6,0,47,TRUE
270,363,"YouGov",150,15,8,4,0,0,1,8,2,38,TRUE
270,363,"YouGov",151,22,11,4,0,0,3,7,0,47,TRUE
270,363,"YouGov",152,14,5,0,0,0,0,14,0,33,TRUE
270,363,"YouGov",153,17,14,1,0,0,1,7,0,40,TRUE
270,363,"YouGov",154,2,7,1,0,2,0,2,0,14,TRUE
270,363,"YouGov",155,16,9,4,0,3,1,7,1,41,TRUE
270,363,"YouGov",156,2,3,0,11,0,0,1,1,18,TRUE
270,363,"YouGov",157,20,13,5,0,0,5,12,1,56,TRUE
270,363,"YouGov",158,21,21,2,0,0,3,13,0,60,TRUE
270,363,"YouGov",159,20,10,3,0,0,2,7,0,42,TRUE
270,363,"YouGov",160,15,14,1,0,0,1,6,0,37,TRUE
270,363,"YouGov",161,15,22,1,0,0,1,13,0,52,TRUE
270,363,"YouGov",162,12,3,10,0,0,9,8,0,42,TRUE
270,363,"YouGov",163,29,15,7,0,0,5,17,1,74,TRUE
270,363,"YouGov",164,18,7,7,0,0,5,7,2,46,TRUE
270,363,"YouGov",165,1,11,0,0,0,0,2,1,15,TRUE
270,363,"YouGov",166,11,16,1,0,0,2,7,0,37,TRUE
270,363,"YouGov",167,9,26,1,0,0,2,4,0,42,TRUE
270,363,"YouGov",168,12,14,1,0,0,0,2,1,30,TRUE
270,363,"YouGov",169,14,16,3,0,0,2,9,0,44,TRUE
270,363,"YouGov",170,22,18,1,0,0,0,8,1,50,TRUE
270,363,"YouGov",171,10,12,4,0,0,3,4,0,33,TRUE
270,363,"YouGov",172,25,17,1,0,0,3,7,1,54,TRUE
270,363,"YouGov",173,1,10,0,16,0,1,1,0,29,TRUE
270,363,"YouGov",174,4,10,0,0,3,1,2,0,20,TRUE
270,363,"YouGov",175,5,8,0,0,0,0,9,1,23,TRUE
270,363,"YouGov",176,8,19,1,0,0,5,4,0,37,TRUE
270,363,"YouGov",177,18,13,3,0,0,2,14,1,51,TRUE
270,363,"YouGov",178,12,6,2,0,0,0,4,0,24,TRUE
270,363,"YouGov",179,6,13,0,0,0,0,1,0,20,TRUE
270,363,"YouGov",180,7,15,0,0,0,1,1,0,24,TRUE
270,363,"YouGov",181,17,11,3,0,0,8,3,0,42,TRUE
270,363,"YouGov",182,7,10,1,0,0,1,4,0,23,TRUE
270,363,"YouGov",183,8,9,3,0,0,1,10,0,31,TRUE
270,363,"YouGov",184,25,23,1,0,0,3,7,2,61,TRUE
270,363,"YouGov",185,10,14,1,0,0,1,5,0,31,TRUE
270,363,"YouGov",186,13,10,1,0,0,1,2,0,27,TRUE
270,363,"YouGov",187,9,5,3,0,0,1,2,3,23,TRUE
270,363,"YouGov",188,18,8,8,0,0,2,10,1,47,TRUE
270,363,"YouGov",189,22,10,4,0,0,3,14,3,56,TRUE
270,363,"YouGov",190,15,6,11,0,0,3,8,0,43,TRUE
270,363,"YouGov",191,20,10,4,0,0,3,5,0,42,TRUE
270,363,"YouGov",192,22,6,5,0,0,3,13,0,49,TRUE
270,363,"YouGov",193,20,14,1,0,0,3,19,3,60,TRUE
270,363,"YouGov",194,3,12,0,0,0,0,6,0,21,TRUE
270,363,"YouGov",195,7,23,2,0,0,2,8,0,42,TRUE
270,363,"YouGov",196,4,29,1,0,0,1,8,1,44,TRUE
270,363,"YouGov",197,14,8,13,0,0,5,10,0,50,TRUE
270,363,"YouGov",198,20,10,0,0,0,5,8,0,43,TRUE
270,363,"YouGov",199,18,16,2,0,0,4,7,3,50,TRUE
270,363,"YouGov",200,28,5,10,0,0,2,3,0,48,TRUE
270,363,"YouGov",201,15,20,2,0,0,2,7,0,46,TRUE
270,363,"YouGov",204,8,10,1,0,0,0,9,0,28,TRUE
270,363,"YouGov",205,15,14,2,0,0,1,7,0,39,TRUE
270,363,"YouGov",206,10,28,1,0,0,3,0,1,43,TRUE
270,363,"YouGov",207,8,12,1,7,0,0,1,0,29,TRUE
270,363,"YouGov",208,11,10,1,13,0,0,3,0,38,TRUE
270,363,"YouGov",209,5,6,10,13,0,1,1,0,36,TRUE
270,363,"YouGov",210,2,4,1,15,0,0,1,0,23,TRUE
270,363,"YouGov",211,5,9,1,19,0,0,0,0,34,TRUE
270,363,"YouGov",212,6,11,2,20,0,0,2,0,41,TRUE
270,363,"YouGov",213,4,17,7,10,0,0,2,0,40,TRUE
270,363,"YouGov",214,20,30,6,0,0,5,3,1,65,TRUE
270,363,"YouGov",215,8,21,1,0,0,2,9,2,43,TRUE
270,363,"YouGov",216,6,20,1,0,0,0,9,0,36,TRUE
270,363,"YouGov",217,2,3,1,0,2,0,3,0,11,TRUE
270,363,"YouGov",218,21,19,4,0,0,5,11,0,60,TRUE
270,363,"YouGov",219,5,12,1,0,0,1,2,0,21,TRUE
270,363,"YouGov",220,2,5,1,0,0,1,1,0,10,TRUE
270,363,"YouGov",221,2,15,0,0,0,2,3,1,23,TRUE
270,363,"YouGov",222,2,16,2,0,0,1,2,0,23,TRUE
270,363,"YouGov",223,6,19,0,16,0,0,0,0,41,TRUE
270,363,"YouGov",224,8,18,0,12,0,0,1,0,39,TRUE
270,363,"YouGov",225,25,5,19,0,0,3,10,0,62,TRUE
270,363,"YouGov",226,14,14,6,0,0,4,5,1,44,TRUE
270,363,"YouGov",227,14,8,1,0,0,4,5,0,32,TRUE
270,363,"YouGov",228,9,15,1,23,0,5,1,0,54,TRUE
270,363,"YouGov",229,7,18,4,17,0,2,2,0,50,TRUE
270,363,"YouGov",230,7,18,4,18,0,3,0,1,51,TRUE
270,363,"YouGov",231,14,11,1,10,0,3,2,0,41,TRUE
270,363,"YouGov",232,4,12,6,10,0,3,2,0,37,TRUE
270,363,"YouGov",233,4,13,1,0,0,0,1,0,19,TRUE
270,363,"YouGov",234,8,14,1,0,0,0,1,1,25,TRUE
270,363,"YouGov",235,23,22,2,0,0,3,9,0,59,TRUE
270,363,"YouGov",236,12,14,1,0,0,3,3,0,33,TRUE
270,363,"YouGov",237,6,12,2,0,0,4,4,0,28,TRUE
270,363,"YouGov",238,21,15,4,0,0,4,12,0,56,TRUE
270,363,"YouGov",239,19,4,2,0,0,1,2,0,28,TRUE
270,363,"YouGov",240,24,9,1,0,0,2,9,1,46,TRUE
270,363,"YouGov",241,13,21,1,0,0,5,5,0,45,TRUE
270,363,"YouGov",242,5,20,1,0,0,1,3,1,31,TRUE
270,363,"YouGov",243,21,7,2,0,0,2,4,0,36,TRUE
270,363,"YouGov",244,24,34,6,0,0,6,9,1,80,TRUE
270,363,"YouGov",245,5,13,0,26,0,0,0,0,44,TRUE
270,363,"YouGov",246,29,11,4,0,0,8,12,0,64,TRUE
270,363,"YouGov",247,17,3,5,0,0,1,8,0,34,TRUE
270,363,"YouGov",248,8,23,4,0,0,2,9,0,46,TRUE
270,363,"YouGov",250,8,8,2,12,0,0,1,0,31,TRUE
270,363,"YouGov",251,23,16,3,0,0,4,8,0,54,TRUE
270,363,"YouGov",252,17,25,1,0,0,1,2,0,46,TRUE
270,363,"YouGov",253,20,13,7,0,0,2,18,1,61,TRUE
270,363,"YouGov",254,15,14,1,0,0,1,12,0,43,TRUE
270,363,"YouGov",256,17,7,1,0,0,0,4,2,31,TRUE
270,363,"YouGov",257,19,8,2,0,0,4,10,2,45,TRUE
270,363,"YouGov",258,6,10,0,0,0,3,0,0,19,TRUE
270,363,"YouGov",259,7,21,3,0,0,1,7,0,39,TRUE
270,363,"YouGov",260,21,25,2,0,0,4,8,0,60,TRUE
270,363,"YouGov",261,14,17,2,0,0,1,9,0,43,TRUE
270,363,"YouGov",262,4,8,2,19,0,4,1,0,38,TRUE
270,363,"YouGov",263,1,5,0,8,0,0,0,0,14,TRUE
270,363,"YouGov",264,3,8,2,22,0,6,1,0,42,TRUE
270,363,"YouGov",265,1,9,0,10,0,0,0,0,20,TRUE
270,363,"YouGov",266,3,18,0,22,0,2,3,1,49,TRUE
270,363,"YouGov",267,3,16,2,15,0,1,1,0,38,TRUE
270,363,"YouGov",268,1,11,0,13,0,0,2,0,27,TRUE
270,363,"YouGov",269,3,14,1,11,0,0,1,0,30,TRUE
270,363,"YouGov",270,14,14,4,0,0,1,6,0,39,TRUE
270,363,"YouGov",271,4,6,6,13,0,2,1,0,32,TRUE
270,363,"YouGov",272,33,13,6,0,0,6,10,1,69,TRUE
270,363,"YouGov",273,9,10,4,0,3,0,7,0,33,TRUE
270,363,"YouGov",274,14,10,5,0,0,2,17,0,48,TRUE
270,363,"YouGov",275,14,13,1,0,0,1,13,0,42,TRUE
270,363,"YouGov",276,5,10,3,0,0,3,8,0,29,TRUE
270,363,"YouGov",277,11,10,1,0,0,1,14,0,37,TRUE
270,363,"YouGov",278,11,19,3,0,0,4,6,0,43,TRUE
270,363,"YouGov",279,30,10,9,0,0,4,5,0,58,TRUE
270,363,"YouGov",280,7,22,0,0,0,7,1,0,37,TRUE
270,363,"YouGov",281,1,11,2,0,0,2,2,0,18,TRUE
270,363,"YouGov",282,8,14,0,0,0,1,4,0,27,TRUE
270,363,"YouGov",283,16,17,1,0,0,4,8,1,47,TRUE
270,363,"YouGov",284,19,10,3,0,0,4,7,0,43,TRUE
270,363,"YouGov",285,5,20,0,0,0,3,5,0,33,TRUE
270,363,"YouGov",286,17,19,1,0,0,4,1,1,43,TRUE
270,363,"YouGov",287,14,5,3,0,0,4,6,0,32,TRUE
270,363,"YouGov",288,36,9,4,0,0,1,6,0,56,TRUE
270,363,"YouGov",289,21,6,10,0,0,6,9,0,52,TRUE
270,363,"YouGov",290,8,13,1,0,0,2,6,3,33,TRUE
270,363,"YouGov",291,23,6,6,0,0,2,3,0,40,TRUE
270,363,"YouGov",292,15,11,3,0,0,1,5,0,35,TRUE
270,363,"YouGov",293,19,10,10,0,0,5,9,0,53,TRUE
270,363,"YouGov",294,14,12,0,0,0,1,3,1,31,TRUE
270,363,"YouGov",295,10,14,1,0,0,0,2,0,27,TRUE
270,363,"YouGov",296,5,10,1,0,0,2,8,1,27,TRUE
270,363,"YouGov",297,14,12,4,0,0,3,7,0,40,TRUE
270,363,"YouGov",298,21,23,0,0,0,6,5,1,56,TRUE
270,363,"YouGov",299,10,11,1,0,0,2,4,0,28,TRUE
270,363,"YouGov",300,6,7,0,0,0,1,10,0,24,TRUE
270,363,"YouGov",301,8,15,5,0,0,3,4,0,35,TRUE
270,363,"YouGov",302,22,9,1,0,0,6,6,0,44,TRUE
270,363,"YouGov",303,8,17,1,0,0,0,3,0,29,TRUE
270,363,"YouGov",304,11,17,1,0,0,0,4,0,33,TRUE
270,363,"YouGov",305,20,7,3,0,0,5,8,0,43,TRUE
270,363,"YouGov",306,20,7,5,0,0,2,8,1,43,TRUE
270,363,"YouGov",307,20,2,4,0,0,3,6,0,35,TRUE
270,363,"YouGov",308,28,15,2,0,0,5,8,1,59,TRUE
270,363,"YouGov",309,21,10,3,0,0,6,6,0,46,TRUE
270,363,"YouGov",310,24,10,7,0,0,6,13,1,61,TRUE
270,363,"YouGov",311,25,10,0,0,0,3,6,0,44,TRUE
270,363,"YouGov",312,23,12,1,0,0,2,6,0,44,TRUE
270,363,"YouGov",313,7,14,0,0,0,3,9,0,33,TRUE
270,363,"YouGov",314,21,19,1,0,0,5,13,1,60,TRUE
270,363,"YouGov",315,14,10,1,0,0,4,3,0,32,TRUE
270,363,"YouGov",316,20,32,11,0,0,11,4,1,79,TRUE
270,363,"YouGov",317,19,11,0,0,0,3,11,0,44,TRUE
270,363,"YouGov",318,10,26,9,0,0,6,4,1,56,TRUE
270,363,"YouGov",319,28,6,7,0,0,2,5,1,49,TRUE
270,363,"YouGov",320,3,17,0,0,0,2,5,0,27,TRUE
270,363,"YouGov",321,16,18,5,0,0,2,3,3,47,TRUE
270,363,"YouGov",322,7,6,2,0,0,4,5,0,24,TRUE
270,363,"YouGov",323,7,14,0,0,0,0,8,0,29,TRUE
270,363,"YouGov",324,10,18,3,0,0,1,7,1,40,TRUE
270,363,"YouGov",325,6,12,3,0,0,0,9,0,30,TRUE
270,363,"YouGov",326,29,10,7,0,0,1,12,0,59,TRUE
270,363,"YouGov",327,7,10,0,0,0,5,7,0,29,TRUE
270,363,"YouGov",328,17,19,2,0,0,0,7,0,45,TRUE
270,363,"YouGov",329,8,12,1,0,0,1,2,0,24,TRUE
270,363,"YouGov",330,3,8,0,15,0,1,1,0,28,TRUE
270,363,"YouGov",331,8,6,12,13,0,2,2,0,43,TRUE
270,363,"YouGov",332,15,12,2,0,0,2,4,0,35,TRUE
270,363,"YouGov",333,30,20,7,0,0,7,33,3,100,TRUE
270,363,"YouGov",334,8,32,6,0,0,6,4,0,56,TRUE
270,363,"YouGov",335,9,15,2,0,0,7,3,0,36,TRUE
270,363,"YouGov",336,5,15,1,0,1,0,5,1,28,TRUE
270,363,"YouGov",337,13,26,1,0,0,1,8,0,49,TRUE
270,363,"YouGov",338,14,16,2,0,0,2,7,0,41,TRUE
270,363,"YouGov",339,11,5,2,0,0,5,3,0,26,TRUE
270,363,"YouGov",340,7,5,0,0,0,1,6,0,19,TRUE
270,363,"YouGov",341,14,22,1,0,0,4,8,0,49,TRUE
270,363,"YouGov",342,2,12,0,15,0,2,2,0,33,TRUE
270,363,"YouGov",343,20,11,13,0,0,3,5,2,54,TRUE
270,363,"YouGov",344,10,17,3,0,0,1,7,0,38,TRUE
270,363,"YouGov",345,5,13,0,32,0,1,0,0,51,TRUE
270,363,"YouGov",346,4,12,0,0,0,2,1,0,19,TRUE
270,363,"YouGov",348,3,5,1,12,0,0,1,0,22,TRUE
270,363,"YouGov",349,9,21,0,0,0,3,8,1,42,TRUE
270,363,"YouGov",350,16,20,3,0,0,3,4,1,47,TRUE
270,363,"YouGov",351,10,14,3,0,0,4,7,0,38,TRUE
270,363,"YouGov",352,4,15,1,0,0,1,2,0,23,TRUE
270,363,"YouGov",353,16,14,1,0,0,8,3,0,42,TRUE
270,363,"YouGov",354,11,8,11,0,0,2,4,0,36,TRUE
270,363,"YouGov",355,5,21,1,0,0,5,4,0,36,TRUE
270,363,"YouGov",356,3,11,2,0,0,1,0,0,17,TRUE
270,363,"YouGov",357,7,6,0,0,0,1,0,2,16,TRUE
270,363,"YouGov",358,6,12,1,0,0,2,4,2,27,TRUE
270,363,"YouGov",359,24,17,3,0,0,2,8,2,56,TRUE
270,363,"YouGov",360,14,10,3,0,0,1,5,0,33,TRUE
270,363,"YouGov",361,14,23,1,0,0,4,7,1,50,TRUE
270,363,"YouGov",362,14,2,8,0,0,2,6,0,32,TRUE
270,363,"YouGov",363,2,21,4,0,0,2,3,0,32,TRUE
270,363,"YouGov",364,7,12,1,0,0,4,11,0,35,TRUE
270,363,"YouGov",365,12,20,3,0,0,1,1,0,37,TRUE
270,363,"YouGov",366,7,22,1,0,0,2,2,0,34,TRUE
270,363,"YouGov",367,30,16,2,0,0,3,8,1,60,TRUE
270,363,"YouGov",368,18,31,3,0,0,4,8,2,66,TRUE
270,363,"YouGov",369,5,9,1,10,0,1,0,2,28,TRUE
270,363,"YouGov",370,3,16,1,0,0,4,1,3,28,TRUE
270,363,"YouGov",371,1,13,3,0,0,1,1,0,19,TRUE
270,363,"YouGov",372,3,17,2,0,0,1,4,1,28,TRUE
270,363,"YouGov",373,1,12,0,0,0,0,2,0,15,TRUE
270,363,"YouGov",374,4,11,1,22,0,2,1,0,41,TRUE
270,363,"YouGov",375,5,14,0,0,9,2,6,1,37,TRUE
270,363,"YouGov",377,14,17,1,0,0,1,3,0,36,TRUE
270,363,"YouGov",378,24,7,1,0,0,2,11,1,46,TRUE
270,363,"YouGov",379,5,4,1,0,0,2,4,0,16,TRUE
270,363,"YouGov",380,9,11,1,0,0,0,3,0,24,TRUE
270,363,"YouGov",381,4,6,1,0,0,0,3,0,14,TRUE
270,363,"YouGov",382,20,14,4,0,0,1,6,0,45,TRUE
270,363,"YouGov",383,27,5,7,0,0,1,4,1,45,TRUE
270,363,"YouGov",384,13,8,5,0,0,0,5,0,31,TRUE
270,363,"YouGov",385,5,14,2,0,0,1,8,0,30,TRUE
270,363,"YouGov",386,16,6,1,0,0,4,12,1,40,TRUE
270,363,"YouGov",387,6,22,3,0,0,5,3,0,39,TRUE
270,363,"YouGov",388,6,21,2,0,0,5,2,2,38,TRUE
270,363,"YouGov",389,8,22,9,0,0,5,2,2,48,TRUE
270,363,"YouGov",390,6,17,2,0,0,3,9,1,38,TRUE
270,363,"YouGov",391,27,10,11,0,0,6,17,1,72,TRUE
270,363,"YouGov",392,12,6,2,0,0,0,8,1,29,TRUE
270,363,"YouGov",393,1,8,0,0,0,0,2,0,11,TRUE
270,363,"YouGov",394,1,6,1,0,0,2,5,0,15,TRUE
270,363,"YouGov",395,13,26,0,0,0,5,4,1,49,TRUE
270,363,"YouGov",396,3,5,2,9,0,1,0,0,20,TRUE
270,363,"YouGov",397,24,16,7,0,0,3,9,1,60,TRUE
270,363,"YouGov",398,28,26,4,0,0,7,17,3,85,TRUE
270,363,"YouGov",399,7,10,0,0,0,0,2,0,19,TRUE
270,363,"YouGov",400,24,4,10,0,0,2,7,0,47,TRUE
270,363,"YouGov",401,17,7,3,0,2,3,7,0,39,TRUE
270,363,"YouGov",402,12,5,10,0,1,0,4,0,32,TRUE
270,363,"YouGov",403,7,9,2,19,0,0,2,3,42,TRUE
270,363,"YouGov",404,14,14,3,0,0,1,11,1,44,TRUE
270,363,"YouGov",405,16,20,2,0,0,1,18,1,58,TRUE
270,363,"YouGov",406,2,8,0,13,0,0,2,0,25,TRUE
270,363,"YouGov",407,0,1,0,5,0,0,0,0,6,TRUE
270,363,"YouGov",408,4,10,1,0,8,1,4,0,28,TRUE
270,363,"YouGov",409,15,4,2,0,0,2,8,0,31,TRUE
270,363,"YouGov",410,18,7,5,0,0,4,10,0,44,TRUE
270,363,"YouGov",411,17,12,1,0,0,1,10,1,42,TRUE
270,363,"YouGov",412,26,3,7,0,0,1,9,1,47,TRUE
270,363,"YouGov",413,8,10,1,0,0,2,7,0,28,TRUE
270,363,"YouGov",414,5,17,1,0,0,3,10,1,37,TRUE
270,363,"YouGov",415,12,27,7,0,0,7,4,2,59,TRUE
270,363,"YouGov",416,12,26,5,0,0,3,6,1,53,TRUE
270,363,"YouGov",417,4,8,0,0,2,2,3,0,19,TRUE
270,363,"YouGov",418,9,15,2,0,1,1,4,0,32,TRUE
270,363,"YouGov",420,22,6,4,0,0,4,9,0,45,TRUE
270,363,"YouGov",421,22,15,4,0,0,4,13,1,59,TRUE
270,363,"YouGov",422,24,18,18,0,0,5,13,1,79,TRUE
270,363,"YouGov",423,8,6,3,0,0,4,4,0,25,TRUE
270,363,"YouGov",424,17,8,6,0,0,2,13,0,46,TRUE
270,363,"YouGov",425,14,11,6,0,0,1,13,0,45,TRUE
270,363,"YouGov",426,4,23,1,0,0,1,7,0,36,TRUE
270,363,"YouGov",427,9,12,1,0,0,1,5,0,28,TRUE
270,363,"YouGov",428,9,8,1,0,0,2,7,0,27,TRUE
270,363,"YouGov",429,15,4,2,0,0,1,6,0,28,TRUE
270,363,"YouGov",430,11,17,0,0,0,5,9,0,42,TRUE
270,363,"YouGov",431,16,27,9,0,0,10,3,4,69,TRUE
270,363,"YouGov",432,3,17,0,0,0,4,4,0,28,TRUE
270,363,"YouGov",433,5,14,0,0,0,1,4,0,24,TRUE
270,363,"YouGov",434,12,13,3,0,0,3,3,0,34,TRUE
270,363,"YouGov",435,15,17,1,0,0,4,7,1,45,TRUE
270,363,"YouGov",436,5,13,0,13,0,0,1,0,32,TRUE
270,363,"YouGov",437,6,22,1,0,3,0,3,0,35,TRUE
270,363,"YouGov",438,21,10,0,0,0,2,9,1,43,TRUE
270,363,"YouGov",439,7,8,3,0,0,0,12,1,31,TRUE
270,363,"YouGov",440,5,17,0,0,0,1,6,0,29,TRUE
270,363,"YouGov",441,0,4,3,3,0,0,3,0,13,TRUE
270,363,"YouGov",442,16,9,2,0,0,3,12,0,42,TRUE
270,363,"YouGov",443,8,18,8,0,0,4,4,0,42,TRUE
270,363,"YouGov",444,12,8,6,0,0,2,5,0,33,TRUE
270,363,"YouGov",445,3,13,1,7,0,2,1,0,27,TRUE
270,363,"YouGov",446,2,12,1,14,0,2,1,0,32,TRUE
270,363,"YouGov",447,14,11,5,0,0,1,12,0,43,TRUE
270,363,"YouGov",448,5,13,2,0,0,0,8,0,28,TRUE
270,363,"YouGov",449,10,6,1,0,0,1,6,0,24,TRUE
270,363,"YouGov",450,11,7,0,14,0,3,0,0,35,TRUE
270,363,"YouGov",451,10,21,4,0,0,2,7,3,47,TRUE
270,363,"YouGov",452,10,15,0,0,0,2,7,0,34,TRUE
270,363,"YouGov",453,13,13,1,0,0,12,7,0,46,TRUE
270,363,"YouGov",454,7,16,2,0,4,4,3,1,37,TRUE
270,363,"YouGov",455,25,11,3,0,0,3,17,0,59,TRUE
270,363,"YouGov",456,8,20,2,0,0,2,2,0,34,TRUE
270,363,"YouGov",458,12,7,6,0,0,5,6,0,36,TRUE
270,363,"YouGov",459,15,13,1,0,5,5,6,3,48,TRUE
270,363,"YouGov",460,2,12,1,0,0,5,4,0,24,TRUE
270,363,"YouGov",461,26,24,3,0,0,2,5,1,61,TRUE
270,363,"YouGov",462,21,11,3,0,0,6,3,1,45,TRUE
270,363,"YouGov",463,21,4,2,0,0,1,11,0,39,TRUE
270,363,"YouGov",464,28,14,3,0,0,10,7,0,62,TRUE
270,363,"YouGov",465,14,14,2,0,0,2,6,0,38,TRUE
270,363,"YouGov",466,5,22,2,0,0,4,5,0,38,TRUE
270,363,"YouGov",467,13,11,1,0,0,0,2,1,28,TRUE
270,363,"YouGov",468,26,12,4,0,0,5,3,0,50,TRUE
270,363,"YouGov",469,10,15,1,13,0,0,2,0,41,TRUE
270,363,"YouGov",470,3,10,0,0,2,1,2,0,18,TRUE
270,363,"YouGov",471,15,7,0,0,0,1,7,0,30,TRUE
270,363,"YouGov",472,22,7,1,0,0,0,8,1,39,TRUE
270,363,"YouGov",473,29,14,8,0,0,7,4,1,63,TRUE
270,363,"YouGov",474,7,11,6,0,0,2,5,0,31,TRUE
270,363,"YouGov",475,18,19,4,0,0,3,8,0,52,TRUE
270,363,"YouGov",476,15,13,1,0,0,3,5,1,38,TRUE
270,363,"YouGov",477,21,7,1,0,0,1,13,1,44,TRUE
270,363,"YouGov",478,14,10,3,0,0,1,6,0,34,TRUE
270,363,"YouGov",479,3,1,5,19,0,1,0,1,30,TRUE
270,363,"YouGov",480,15,19,2,0,0,1,9,1,47,TRUE
270,363,"YouGov",481,10,16,1,0,0,4,6,0,37,TRUE
270,363,"YouGov",482,7,10,2,0,0,2,4,0,25,TRUE
270,363,"YouGov",483,25,20,2,0,0,5,6,1,59,TRUE
270,363,"YouGov",484,30,12,2,0,0,1,8,0,53,TRUE
270,363,"YouGov",485,16,6,5,0,0,2,10,0,39,TRUE
270,363,"YouGov",486,15,12,6,0,0,3,6,0,42,TRUE
270,363,"YouGov",487,2,11,0,8,0,0,0,0,21,TRUE
270,363,"YouGov",488,19,5,6,0,0,1,8,0,39,TRUE
270,363,"YouGov",489,24,8,7,0,0,0,4,1,44,TRUE
270,363,"YouGov",490,19,8,7,0,0,6,10,1,51,TRUE
270,363,"YouGov",491,19,11,17,0,0,3,8,3,61,TRUE
270,363,"YouGov",492,7,36,0,0,0,0,7,0,50,TRUE
270,363,"YouGov",493,1,9,0,0,0,4,2,0,16,TRUE
270,363,"YouGov",494,18,12,12,0,0,4,9,0,55,TRUE
270,363,"YouGov",495,9,23,0,0,0,2,7,1,42,TRUE
270,363,"YouGov",496,16,5,5,0,0,3,7,1,37,TRUE
270,363,"YouGov",497,16,14,2,0,0,3,8,2,45,TRUE
270,363,"YouGov",498,13,7,1,0,0,2,8,0,31,TRUE
270,363,"YouGov",499,11,20,1,0,0,2,6,0,40,TRUE
270,363,"YouGov",500,8,11,0,0,0,5,4,0,28,TRUE
270,363,"YouGov",501,26,14,3,0,0,3,5,0,51,TRUE
270,363,"YouGov",502,22,10,2,0,0,4,1,0,39,TRUE
270,363,"YouGov",503,0,8,2,0,0,0,6,0,16,TRUE
270,363,"YouGov",504,4,41,8,0,0,15,2,6,76,TRUE
270,363,"YouGov",505,12,14,16,0,0,8,4,2,56,TRUE
270,363,"YouGov",506,6,21,5,0,0,2,8,1,43,TRUE
270,363,"YouGov",507,8,12,2,0,0,3,9,2,36,TRUE
270,363,"YouGov",508,18,16,1,0,0,3,5,0,43,TRUE
270,363,"YouGov",509,20,18,4,0,0,6,5,1,54,TRUE
270,363,"YouGov",510,16,18,2,0,0,5,14,0,55,TRUE
270,363,"YouGov",511,16,9,4,0,0,7,13,1,50,TRUE
270,363,"YouGov",512,16,11,1,0,0,1,14,1,44,TRUE
270,363,"YouGov",513,18,5,5,0,0,2,14,0,44,TRUE
270,363,"YouGov",514,38,18,5,0,0,1,7,0,69,TRUE
270,363,"YouGov",515,10,14,0,0,0,1,6,0,31,TRUE
270,363,"YouGov",516,15,10,8,0,0,6,6,0,45,TRUE
270,363,"YouGov",517,26,11,8,0,0,2,15,0,62,TRUE
270,363,"YouGov",518,11,16,2,0,0,3,4,0,36,TRUE
270,363,"YouGov",519,26,7,11,0,0,7,12,0,63,TRUE
270,363,"YouGov",520,28,11,4,0,0,1,9,0,53,TRUE
270,363,"YouGov",521,16,10,1,0,0,0,4,0,31,TRUE
270,363,"YouGov",522,6,21,1,0,0,2,10,0,40,TRUE
270,363,"YouGov",523,9,12,1,0,0,6,4,1,33,TRUE
270,363,"YouGov",524,13,21,2,0,0,4,8,3,51,TRUE
270,363,"YouGov",525,17,10,2,0,0,2,10,0,41,TRUE
270,363,"YouGov",526,14,15,7,0,0,3,7,0,46,TRUE
270,363,"YouGov",527,14,10,1,0,0,1,8,3,37,TRUE
270,363,"YouGov",528,17,16,2,0,0,3,3,1,42,TRUE
270,363,"YouGov",529,15,7,2,0,0,0,7,0,31,TRUE
270,363,"YouGov",530,18,8,2,0,0,2,6,0,36,TRUE
270,363,"YouGov",531,21,19,3,0,0,1,9,0,53,TRUE
270,363,"YouGov",532,13,22,2,0,0,1,10,0,48,TRUE
270,363,"YouGov",533,5,9,0,10,0,1,1,0,26,TRUE
270,363,"YouGov",534,7,12,1,0,0,2,6,0,28,TRUE
270,363,"YouGov",535,14,14,0,0,0,2,5,0,35,TRUE
270,363,"YouGov",536,10,10,2,0,0,1,3,0,26,TRUE
270,363,"YouGov",537,3,7,2,0,0,4,1,2,19,TRUE
270,363,"YouGov",538,8,15,0,0,0,1,3,0,27,TRUE
270,363,"YouGov",539,6,5,2,0,0,0,5,0,18,TRUE
270,363,"YouGov",540,12,4,1,0,0,3,7,0,27,TRUE
270,363,"YouGov",541,13,8,1,0,0,1,8,0,31,TRUE
270,363,"YouGov",543,17,8,7,0,0,5,4,1,42,TRUE
270,363,"YouGov",544,7,15,6,0,0,1,4,0,33,TRUE
270,363,"YouGov",545,8,20,1,0,0,3,3,0,35,TRUE
270,363,"YouGov",546,7,20,1,0,0,2,9,0,39,TRUE
270,363,"YouGov",547,23,10,4,0,0,5,9,0,51,TRUE
270,363,"YouGov",548,18,11,2,0,0,2,13,0,46,TRUE
270,363,"YouGov",549,14,8,4,0,0,5,9,0,40,TRUE
270,363,"YouGov",550,8,4,1,0,0,3,6,0,22,TRUE
270,363,"YouGov",551,11,19,2,0,0,2,7,0,41,TRUE
270,363,"YouGov",552,22,11,7,0,0,2,9,1,52,TRUE
270,363,"YouGov",553,36,8,4,0,0,4,10,1,63,TRUE
270,363,"YouGov",554,21,5,8,0,0,2,10,1,47,TRUE
270,363,"YouGov",555,29,6,4,0,0,4,8,1,52,TRUE
270,363,"YouGov",556,23,7,15,0,0,2,8,1,56,TRUE
270,363,"YouGov",557,26,15,5,0,0,2,11,0,59,TRUE
270,363,"YouGov",558,4,15,0,0,1,2,1,0,23,TRUE
270,363,"YouGov",559,10,16,2,0,3,4,14,0,49,TRUE
270,363,"YouGov",560,20,12,3,0,0,4,10,0,49,TRUE
270,363,"YouGov",561,16,17,1,0,0,1,6,0,41,TRUE
270,363,"YouGov",562,10,10,4,0,0,2,5,0,31,TRUE
270,363,"YouGov",563,22,10,3,0,0,3,5,0,43,TRUE
270,363,"YouGov",564,24,4,4,0,0,7,7,2,48,TRUE
270,363,"YouGov",565,6,5,1,0,0,2,8,0,22,TRUE
270,363,"YouGov",566,23,14,4,0,0,2,4,0,47,TRUE
270,363,"YouGov",567,24,10,1,0,0,1,9,0,45,TRUE
270,363,"YouGov",568,13,7,1,0,0,5,12,1,39,TRUE
270,363,"YouGov",569,23,9,2,0,0,2,6,0,42,TRUE
270,363,"YouGov",570,9,7,13,0,0,1,3,0,33,TRUE
270,363,"YouGov",571,7,10,0,0,0,0,7,1,25,TRUE
270,363,"YouGov",572,16,8,4,0,0,1,11,0,40,TRUE
270,363,"YouGov",573,23,9,1,0,0,1,10,0,44,TRUE
270,363,"YouGov",574,15,20,3,0,0,3,1,0,42,TRUE
270,363,"YouGov",575,19,7,15,0,0,1,5,1,48,TRUE
270,363,"YouGov",576,7,15,1,0,5,2,10,1,41,TRUE
270,363,"YouGov",577,11,7,5,0,0,4,5,0,32,TRUE
270,363,"YouGov",578,3,19,2,0,0,2,0,0,26,TRUE
270,363,"YouGov",579,21,10,11,0,0,7,7,1,57,TRUE
270,363,"YouGov",580,18,10,1,0,0,1,6,0,36,TRUE
270,363,"YouGov",581,27,14,17,0,0,3,8,1,70,TRUE
270,363,"YouGov",582,14,31,1,0,0,4,8,0,58,TRUE
270,363,"YouGov",583,13,23,2,0,0,0,7,0,45,TRUE
270,363,"YouGov",587,7,12,1,0,0,3,3,0,26,TRUE
270,363,"YouGov",588,7,14,1,0,2,1,3,0,28,TRUE
270,363,"YouGov",589,16,14,3,0,2,2,5,2,44,TRUE
270,363,"YouGov",590,14,22,2,0,0,1,2,1,42,TRUE
270,363,"YouGov",591,10,22,2,0,0,1,5,0,40,TRUE
270,363,"YouGov",592,9,33,1,0,0,3,4,0,50,TRUE
270,363,"YouGov",593,9,8,1,0,0,0,5,0,23,TRUE
270,363,"YouGov",594,9,17,1,0,0,2,4,1,34,TRUE
270,363,"YouGov",595,2,18,0,0,0,2,6,0,28,TRUE
270,363,"YouGov",596,14,33,5,0,0,4,4,0,60,TRUE
270,363,"YouGov",597,30,9,8,0,0,5,11,0,63,TRUE
270,363,"YouGov",598,0,6,1,0,0,1,1,0,9,TRUE
270,363,"YouGov",599,8,19,1,0,0,2,11,0,41,TRUE
270,363,"YouGov",600,21,17,0,0,0,6,5,0,49,TRUE
270,363,"YouGov",601,24,18,2,0,0,6,5,0,55,TRUE
270,363,"YouGov",602,14,14,0,0,0,1,6,0,35,TRUE
270,363,"YouGov",603,4,15,2,0,0,1,6,1,29,TRUE
270,363,"YouGov",604,27,14,13,0,0,3,5,0,62,TRUE
270,363,"YouGov",605,15,22,1,0,0,3,7,0,48,TRUE
270,363,"YouGov",606,24,9,6,0,0,4,5,0,48,TRUE
270,363,"YouGov",607,11,17,4,0,0,5,8,0,45,TRUE
270,363,"YouGov",608,23,18,3,0,0,2,13,0,59,TRUE
270,363,"YouGov",609,21,6,9,0,0,4,6,0,46,TRUE
270,363,"YouGov",610,24,14,3,0,0,5,10,0,56,TRUE
270,363,"YouGov",611,3,22,3,0,0,0,5,1,34,TRUE
270,363,"YouGov",612,8,11,1,0,0,2,6,0,28,TRUE
270,363,"YouGov",613,7,8,0,0,0,2,4,0,21,TRUE
270,363,"YouGov",614,5,23,6,0,0,2,5,0,41,TRUE
270,363,"YouGov",615,6,13,1,0,0,2,1,0,23,TRUE
270,363,"YouGov",616,16,6,10,0,0,4,2,0,38,TRUE
270,363,"YouGov",617,24,15,5,0,0,4,6,1,55,TRUE
270,363,"YouGov",618,4,18,0,0,0,0,11,1,34,TRUE
270,363,"YouGov",619,17,5,3,0,0,2,4,0,31,TRUE
270,363,"YouGov",620,14,8,6,0,0,4,16,0,48,TRUE
270,363,"YouGov",621,18,10,7,0,0,2,1,0,38,TRUE
270,363,"YouGov",622,25,8,9,0,0,2,3,0,47,TRUE
270,363,"YouGov",623,23,6,5,0,0,1,4,0,39,TRUE
270,363,"YouGov",624,17,28,1,0,0,3,5,0,54,TRUE
270,363,"YouGov",625,11,12,1,0,0,1,2,0,27,TRUE
270,363,"YouGov",626,19,5,5,0,0,5,5,0,39,TRUE
270,363,"YouGov",627,26,10,4,0,0,5,5,0,50,TRUE
270,363,"YouGov",628,24,5,9,0,0,3,6,1,48,TRUE
270,363,"YouGov",629,33,7,8,0,0,4,4,0,56,TRUE
270,363,"YouGov",630,4,7,0,0,0,1,6,0,18,TRUE
270,363,"YouGov",631,4,13,0,0,0,0,2,0,19,TRUE
270,363,"YouGov",632,16,15,0,0,0,7,7,1,46,TRUE
270,363,"YouGov",633,21,15,2,0,0,4,8,0,50,TRUE
270,363,"YouGov",634,10,7,3,0,0,2,7,0,29,TRUE
270,363,"YouGov",635,16,12,10,0,0,6,13,0,57,TRUE
270,363,"YouGov",636,9,8,1,0,0,0,6,0,24,TRUE
270,363,"YouGov",637,8,14,0,0,0,0,10,0,32,TRUE
270,363,"YouGov",638,22,12,5,0,0,5,5,1,50,TRUE
270,363,"YouGov",639,29,6,10,0,0,5,10,0,60,TRUE
270,363,"YouGov",640,21,8,1,0,0,1,11,0,42,TRUE
270,363,"YouGov",641,4,4,0,0,0,0,2,0,10,TRUE
270,363,"YouGov",642,17,10,1,0,0,3,5,0,36,TRUE
270,363,"YouGov",643,26,9,6,0,0,2,8,0,51,TRUE
270,363,"YouGov",644,17,11,1,0,0,2,10,3,44,TRUE
270,363,"YouGov",645,7,25,1,0,0,2,5,1,41,TRUE
270,363,"YouGov",646,21,8,12,0,0,3,6,0,50,TRUE
270,363,"YouGov",647,4,7,0,0,4,0,2,0,17,TRUE
270,363,"YouGov",648,13,24,5,0,0,10,6,1,59,TRUE
270,363,"YouGov",649,23,14,6,0,0,4,7,1,55,TRUE
270,363,"YouGov",650,27,22,4,0,0,10,20,0,83,TRUE
280,288,"Ashcroft",5,151,59,117,244,0,13,17,2,603,FALSE
252,260,"Ashcroft",6,39,223,6,286,0,8,28,3,593,FALSE
75,84,"Other",11,23,62,1,0,0,11,14,0,111,TRUE
279,288,"Ashcroft",23,128,192,13,269,0,3,19,4,628,FALSE
264,274,"Ashcroft",33,171,140,14,0,0,18,150,6,499,FALSE
353,358,"Ashcroft",38,336,259,40,0,0,22,17,3,677,FALSE
77,84,"Ashcroft",41,121,166,59,0,0,12,70,9,437,FALSE
119,129,"Ashcroft",49,78,196,199,0,0,30,49,9,561,FALSE
106,113,"Ashcroft",50,170,83,153,0,0,18,90,7,521,FALSE
341,344,"Ashcroft",51,194,53,181,192,0,6,19,3,648,FALSE
85,96,"Ashcroft",57,149,256,14,0,0,29,66,7,521,FALSE
173,177,"Ashcroft",65,60,157,169,0,0,10,99,7,502,FALSE
327,332,"Ashcroft",69,221,198,12,0,0,13,84,8,536,FALSE
77,85,"Ashcroft",78,143,218,44,0,0,11,117,10,543,FALSE
264,274,"Ashcroft",80,171,81,20,0,0,14,175,9,470,FALSE
35,45,"Ashcroft",85,50,208,101,0,0,10,70,12,451,FALSE
173,178,"Ashcroft",89,143,81,172,0,44,13,100,0,553,FALSE
35,46,"Ashcroft",90,61,261,89,0,0,27,33,7,478,FALSE
133,142,"Ashcroft",92,184,268,57,0,0,24,43,7,583,FALSE
127,137,"Ashcroft",97,174,196,28,0,0,56,68,7,529,FALSE
188,197,"Ashcroft",98,115,164,25,0,0,225,45,6,580,FALSE
345,351,"Ashcroft",100,240,191,41,0,0,37,50,1,560,FALSE
345,351,"Ashcroft",102,80,221,112,0,0,154,12,7,586,FALSE
75,84,"Other",107,28,51,4,0,0,2,14,2,101,TRUE
173,176,"Ashcroft",109,47,177,103,0,0,10,122,10,469,FALSE
148,160,"Ashcroft",111,171,224,26,0,0,9,112,3,545,FALSE
321,323,"Ashcroft",118,214,146,76,0,0,49,86,19,590,FALSE
321,325,"Ashcroft",119,89,172,223,0,0,53,17,1,555,FALSE
264,274,"Ashcroft",120,211,80,32,0,0,21,122,5,471,FALSE
344,352,"Ashcroft",124,191,224,25,0,0,19,128,4,591,FALSE
119,130,"Ashcroft",126,90,194,127,0,49,30,50,2,542,FALSE
42,51,"Ashcroft",127,168,237,32,0,41,17,71,8,574,FALSE
65,70,"Ashcroft",130,151,207,23,0,0,18,93,13,505,FALSE
215,220,"Ashcroft",132,165,149,17,0,86,16,77,5,515,FALSE
175,183,"Ashcroft",133,121,68,237,0,0,17,94,8,545,FALSE
343,352,"Ashcroft",134,235,71,12,0,0,18,213,27,576,FALSE
100,107,"Ashcroft",138,163,106,192,0,0,12,73,17,563,FALSE
173,178,"Ashcroft",141,181,41,227,0,0,28,59,4,540,FALSE
295,302,"Ashcroft",143,182,250,37,0,0,20,56,3,548,FALSE
99,105,"Ashcroft",147,204,77,128,0,0,33,88,5,535,FALSE
114,117,"Ashcroft",152,216,152,23,0,0,22,385,4,802,FALSE
330,339,"Ashcroft",153,197,192,25,0,0,17,86,8,525,FALSE
245,255,"Ashcroft",156,33,256,6,281,0,6,17,4,603,FALSE
181,191,"Ashcroft",157,109,86,186,0,0,29,92,4,506,FALSE
271,281,"Ashcroft",158,173,172,59,0,0,53,61,9,527,FALSE
344,350,"Ashcroft",158,280,281,67,0,0,58,94,15,795,FALSE
126,133,"Ashcroft",161,164,226,26,0,0,12,122,9,559,FALSE
352,357,"Ashcroft",162,231,30,246,0,0,30,93,17,647,FALSE
309,317,"Ashcroft",162,185,34,205,0,0,32,74,4,534,FALSE
330,337,"Ashcroft",169,222,244,23,0,0,9,80,8,586,FALSE
300,309,"Ashcroft",170,191,217,11,0,0,29,71,5,524,FALSE
354,358,"Ashcroft",170,274,252,12,0,0,20,61,2,621,FALSE
252,260,"Ashcroft",173,35,211,11,343,0,19,19,7,645,FALSE
321,323,"Ashcroft",190,208,43,166,0,0,34,90,11,552,FALSE
69,77,"Ashcroft",193,151,212,20,0,0,31,95,16,525,FALSE
195,200,"Ashcroft",196,71,345,16,0,0,12,172,12,628,FALSE
85,94,"Ashcroft",197,192,42,163,0,0,16,102,4,519,FALSE
75,84,"Other",200,40,17,14,0,0,6,19,1,97,TRUE
330,338,"Ashcroft",201,230,187,12,0,0,27,122,1,579,FALSE
197,204,"Ashcroft",204,119,189,13,0,0,9,177,4,511,FALSE
335,338,"Ashcroft",205,221,201,18,0,0,25,108,2,575,FALSE
288,295,"Ashcroft",207,174,160,12,202,0,11,27,1,587,FALSE
337,343,"Ashcroft",208,231,135,27,248,0,13,15,3,672,FALSE
279,288,"Ashcroft",208,211,113,43,213,0,15,24,4,623,FALSE
352,357,"Ashcroft",208,214,113,28,302,0,12,25,1,695,FALSE
337,337,"Other",209,41,50,108,104,0,5,2,6,316,FALSE
338,344,"Ashcroft",209,80,114,211,299,0,10,8,2,724,FALSE
252,260,"Ashcroft",210,35,214,8,286,0,12,23,8,586,FALSE
261,268,"Ashcroft",212,37,153,17,381,0,30,14,1,633,FALSE
208,213,"Ashcroft",218,199,236,61,0,0,44,37,10,587,FALSE
112,121,"Ashcroft",225,119,38,237,0,0,10,92,12,508,FALSE
105,113,"Ashcroft",226,131,66,212,0,0,10,113,6,538,FALSE
342,345,"Ashcroft",229,96,200,39,300,0,43,9,1,688,FALSE
341,345,"Ashcroft",230,102,229,47,253,0,25,5,6,667,FALSE
280,288,"Ashcroft",231,113,163,24,252,0,46,11,1,610,FALSE
215,220,"Ashcroft",235,222,201,32,0,0,16,93,6,570,FALSE
133,141,"Ashcroft",237,170,224,13,0,0,18,64,13,502,FALSE
149,160,"Ashcroft",241,153,198,23,0,0,15,118,8,515,FALSE
338,344,"Ashcroft",250,118,68,222,343,0,8,10,3,772,FALSE
335,339,"Ashcroft",252,250,261,32,0,0,27,36,2,608,FALSE
243,248,"Ashcroft",262,31,220,16,291,0,43,19,11,631,FALSE
243,246,"Ashcroft",263,22,214,4,301,0,11,22,10,584,FALSE
243,248,"Ashcroft",264,29,203,20,289,0,69,9,4,623,FALSE
243,246,"Ashcroft",265,20,260,7,235,0,24,28,8,582,FALSE
245,255,"Ashcroft",266,43,241,15,288,0,31,15,4,637,FALSE
245,254,"Ashcroft",267,58,211,11,320,0,23,20,5,648,FALSE
339,344,"Ashcroft",268,37,210,11,376,0,5,18,1,658,FALSE
327,332,"Ashcroft",270,189,172,40,0,0,15,59,5,480,FALSE
260,267,"Ashcroft",271,67,80,155,269,0,9,22,4,606,FALSE
343,352,"Ashcroft",276,128,227,24,0,0,11,142,11,543,FALSE
343,352,"Ashcroft",277,207,195,11,0,0,23,143,5,584,FALSE
293,302,"Ashcroft",282,212,220,19,0,0,17,87,9,564,FALSE
77,88,"Ashcroft",290,176,279,74,0,0,36,14,4,583,FALSE
330,338,"Ashcroft",292,235,179,16,0,0,12,88,4,534,FALSE
29,38,"Ashcroft",293,215,62,126,0,0,40,86,3,532,FALSE
328,332,"Ashcroft",294,229,252,30,0,0,12,54,5,582,FALSE
133,141,"Ashcroft",298,155,209,23,0,0,17,100,7,511,FALSE
181,192,"Ashcroft",301,159,86,195,0,0,23,100,0,563,FALSE
42,53,"Ashcroft",304,178,259,22,0,0,13,51,5,528,FALSE
273,281,"Ashcroft",314,201,204,34,0,0,35,64,5,543,FALSE
344,350,"Ashcroft",314,233,227,36,0,0,29,59,5,589,FALSE
300,300,"Other",318,43,112,104,0,0,22,11,2,294,FALSE
329,332,"Ashcroft",321,238,282,27,0,0,61,36,4,648,FALSE
258,267,"Ashcroft",331,58,76,124,317,0,8,26,9,618,FALSE
140,148,"Ashcroft",332,163,206,33,0,0,25,105,5,537,FALSE
166,172,"Ashcroft",338,161,198,26,0,0,16,129,7,537,FALSE
175,185,"Ashcroft",343,167,88,210,0,0,32,58,4,559,FALSE
325,331,"Ashcroft",344,234,182,23,0,0,26,87,4,556,FALSE
288,295,"Ashcroft",345,43,228,14,278,0,17,20,4,604,FALSE
75,84,"Other",350,32,50,6,0,0,12,16,0,116,TRUE
188,197,"Ashcroft",362,157,52,205,0,0,37,88,13,552,FALSE
75,84,"Other",368,26,50,4,0,0,2,17,3,102,TRUE
328,331,"Ashcroft",377,249,201,15,0,0,20,67,3,555,FALSE
35,45,"Ashcroft",389,41,311,117,0,0,58,23,5,555,FALSE
335,338,"Ashcroft",398,181,199,38,0,0,22,51,9,500,FALSE
329,332,"Ashcroft",404,218,250,28,0,0,28,72,5,601,FALSE
252,260,"Ashcroft",406,31,231,4,304,0,4,21,5,600,FALSE
29,36,"Ashcroft",420,200,70,102,0,0,35,106,6,519,FALSE
148,160,"Ashcroft",427,158,176,43,0,0,13,114,3,507,FALSE
273,281,"Ashcroft",430,165,173,24,0,0,52,81,2,497,FALSE
352,358,"Ashcroft",430,212,227,31,0,0,46,74,5,595,FALSE
35,45,"Ashcroft",431,89,164,57,0,0,104,78,6,498,FALSE
295,302,"Ashcroft",435,183,215,18,0,0,45,77,8,546,FALSE
106,113,"Ashcroft",444,210,102,163,0,0,24,51,1,551,FALSE
339,344,"Ashcroft",446,33,250,7,341,0,8,13,6,658,FALSE
327,332,"Ashcroft",447,217,189,42,0,0,22,56,3,529,FALSE
355,358,"Ashcroft",451,170,182,46,0,0,21,106,16,541,FALSE
201,205,"Ashcroft",452,124,167,22,0,0,11,149,6,479,FALSE
69,77,"Ashcroft",453,124,192,23,0,0,39,103,3,484,FALSE
175,183,"Ashcroft",458,142,97,117,0,0,32,84,7,479,FALSE
327,332,"Ashcroft",461,246,241,26,0,0,36,51,6,606,FALSE
352,358,"Ashcroft",461,254,253,36,0,0,27,53,4,627,FALSE
112,122,"Ashcroft",466,59,218,83,0,0,9,117,5,491,FALSE
352,358,"Ashcroft",469,130,241,16,281,0,6,8,1,683,FALSE
339,344,"Ashcroft",469,184,236,18,334,0,9,6,1,788,FALSE
285,295,"Ashcroft",469,171,226,14,231,0,19,10,3,674,FALSE
343,350,"Ashcroft",475,223,152,18,0,0,27,215,6,641,FALSE
337,343,"Ashcroft",479,49,40,232,345,0,25,12,4,707,FALSE
285,295,"Ashcroft",479,47,58,221,266,0,32,17,5,646,FALSE
330,339,"Ashcroft",480,227,231,18,0,0,14,45,6,541,FALSE
201,206,"Ashcroft",481,78,193,18,0,0,13,171,8,481,FALSE
139,141,"Other",482,16,135,10,0,0,4,102,13,280,TRUE
309,316,"Ashcroft",491,161,52,131,0,0,33,106,23,506,FALSE
309,318,"Ashcroft",494,193,59,211,0,0,41,69,16,589,FALSE
319,325,"Ashcroft",505,98,237,214,0,0,40,44,9,642,FALSE
359,361,"Other",505,37,122,133,0,0,10,27,6,335,FALSE
350,356,"Ashcroft",505,107,277,261,0,0,31,53,3,732,FALSE
75,84,"Other",508,27,55,1,0,0,0,22,3,108,TRUE
85,95,"Ashcroft",516,196,66,151,0,0,32,91,8,544,FALSE
335,339,"Ashcroft",518,267,166,51,0,0,48,64,5,601,FALSE
122,130,"Ashcroft",519,210,44,131,0,0,28,91,4,508,FALSE
335,339,"Ashcroft",521,228,230,45,0,0,12,72,5,592,FALSE
293,304,"Ashcroft",523,166,215,32,0,0,28,96,2,539,FALSE
181,190,"Ashcroft",526,125,74,191,0,0,12,112,7,521,FALSE
215,220,"Ashcroft",532,159,193,34,0,0,15,95,1,497,FALSE
329,332,"Ashcroft",536,233,264,17,0,0,8,55,18,595,FALSE
355,358,"Ashcroft",541,245,232,23,0,0,22,99,5,626,FALSE
65,70,"Ashcroft",546,166,232,35,0,0,64,63,1,561,FALSE
211,212,"Other",554,349,65,50,0,0,43,93,8,608,FALSE
91,101,"Ashcroft",556,153,62,259,0,0,15,79,2,570,FALSE
350,356,"Ashcroft",561,225,224,36,0,0,27,99,3,614,FALSE
300,309,"Ashcroft",561,186,195,27,0,0,21,85,5,519,FALSE
112,121,"Ashcroft",564,169,63,151,0,0,32,81,7,503,FALSE
141,142,"Other",567,118,84,22,0,0,16,111,3,354,TRUE
350,356,"Ashcroft",568,220,172,20,0,0,24,220,9,665,FALSE
287,289,"Other",568,185,192,15,0,0,21,269,14,696,FALSE
310,315,"Other",568,230,211,35,0,0,24,221,17,738,FALSE
350,350,"Other",568,224,192,12,0,0,14,289,8,739,FALSE
181,191,"Ashcroft",570,132,53,266,0,0,15,101,3,570,FALSE
345,351,"Ashcroft",571,159,168,5,0,0,5,201,5,543,FALSE
309,318,"Ashcroft",575,177,61,188,0,0,19,97,3,545,FALSE
75,84,"Other",579,33,24,9,0,0,8,15,4,93,TRUE
97,99,"Ashcroft",587,195,130,21,0,0,17,95,7,465,TRUE
271,281,"Ashcroft",589,204,172,19,0,63,15,53,5,531,FALSE
76,85,"Ashcroft",600,145,187,78,0,0,14,78,2,504,FALSE
208,213,"Ashcroft",601,206,179,34,0,0,37,76,2,534,FALSE
75,84,"Other",602,49,57,0,0,0,1,16,0,123,TRUE
188,197,"Ashcroft",604,159,125,144,0,0,16,78,2,524,FALSE
61,66,"Ashcroft",605,129,183,16,0,0,45,110,5,488,FALSE
68,76,"Ashcroft",607,164,215,28,0,0,10,94,6,517,FALSE
91,102,"Ashcroft",609,175,66,135,0,0,37,82,3,498,FALSE
352,358,"Ashcroft",625,283,316,16,0,0,16,33,3,667,FALSE
300,309,"Ashcroft",625,225,268,32,0,0,31,66,5,627,FALSE
209,211,"Other",627,291,90,19,0,0,39,104,5,548,FALSE
61,65,"Ashcroft",632,143,222,24,0,0,10,76,7,482,FALSE
300,309,"Ashcroft",633,213,187,18,0,0,37,75,11,541,FALSE
188,197,"Ashcroft",644,161,83,33,0,0,26,144,70,517,FALSE
